create database Kinyanjui;
create schema assignment;
set search_path to assignment;
show search_path;

create table assignment.customers (
	customer_id INT primary key,
	first_name VARCHAR(50),
	last_name VARCHAR(50),
	email VARCHAR(100),
	phone_number VARCHAR(50),
	registration_date DATE,
	membership_status VARCHAR(10));

create table assignment.products (
	product_id INT primary key,
	product_name VARCHAR(100),
	category VARCHAR(50),
	price DECIMAL(10, 2),
	supplier VARCHAR(100),
	stock_quantity INT);

create table assignment.sales (
    sale_id INT PRIMARY KEY,
    customer_id INT,
    product_id INT,
    quantity_sold INT,
    sale_date DATE,
    total_amount DECIMAL(10, 2),
    foreign key (customer_id) REFERENCES assignment.customers(customer_id),
    foreign key (product_id) REFERENCES assignment.products(product_id));
set search_path to assignment;
create table assignment.inventory (
    product_id INT primary key,
    stock_quantity INT,
    foreign key (product_id) references products(product_id));

insert into assignment.Customers 
(customer_id, first_name, last_name, email, phone_number, registration_date, membership_status) 
values
(1, 'Karen', 'Molina', 'gonzalezkimberly@glass.com', '(728)697-1206', '2020-08-27', 'Bronze'),
(2, 'Elizabeth', 'Archer', 'tramirez@gmail.com', '778.104.6553', '2023-08-28', 'Silver'),
(3, 'Roberta', 'Massey', 'davislori@gmail.com', '+1-365-606-7458x399', '2024-06-12', 'Bronze'),
(4, 'Jacob', 'Adams', 'andrew72@hotmail.com', '246-459-1425x462', '2023-02-10', 'Gold'),
(5, 'Cynthia', 'Lowery', 'suarezkiara@ramsey.com', '001-279-688-8177x4015', '2020-11-13', 'Silver'),
(6, 'Emily', 'King', 'igoodwin@howard.com', '(931)575-5422x5900', '2021-05-01', 'Silver'),
(7, 'Linda', 'Larsen', 'pware@yahoo.com', '289-050-2028x7673', '2021-08-20', 'Silver'),
(8, 'Angela', 'Hanson', 'zanderson@gmail.com', '+1-403-917-3585', '2023-03-17', 'Bronze'),
(9, 'Whitney', 'Wilson', 'norma70@yahoo.com', '001-594-317-6656', '2024-01-27', 'Bronze'),
(10, 'Angela', 'Atkins', 'burnsjorge@medina.org', '344.217.5788', '2025-02-05', 'Silver'),
(11, 'Gary', 'Lucero', 'ssnyder@hotmail.com', '001-842-595-7853', '2024-10-08', 'Silver'),
(12, 'Matthew', 'Romero', 'jennifer22@gmail.com', '556.328.91896', '2022-04-07', 'Bronze'),
(13, 'Ronald', 'Thompson', 'hramos@hayes.biz', '298-487-2483', '2023-07-31', 'Bronze'),
(14, 'Suzanne', 'Anderson', 'michaelcole@ruiz-ware.com', '+1-018-029-7257', '2023-11-02', 'Bronze'),
(15, 'Mary', 'Kelly', 'matthewmurphy@gmail.com', '(845)934-9x286', '2021-01-20', 'Bronze'),
(16, 'John', 'George', 'burnettlauren@gmail.com', '+1-708-200-4286', '2022-05-17', 'Bronze'),
(17, 'James', 'Rodriguez', 'brownbrian@blair-sanford.com', '8826047658', '2022-11-25', 'Gold'),
(18, 'Steven', 'Burnett', 'zblackburn@yahoo.com', '(055)912-6726x1246', '2020-01-28', 'Gold'),
(19, 'Jonathan', 'White', 'millsseth@choi-kelly.org', '755-979-1934x772', '2022-02-06', 'Bronze'),
(20, 'Christopher', 'Santiago', 'heidimaddox@hotmail.com', '118-589-6973x058', '2021-10-16', 'Silver'),
(21, 'John', 'Diaz', 'gsmith@hotmail.com', '369.915.4337', '2022-09-17', 'Gold'),
(22, 'Curtis', 'Rose', 'ryanmartinez@moore.com', '(921)461-2128', '2021-12-14', 'Bronze'),
(23, 'Charles', 'Hughes', 'jonesangela@frank-lynn.com', '(152)603-5387x8994', '2024-07-29', 'Silver'),
(24, 'Sarah', 'Cooke', 'whitedennis@tucker.org', '(641)830-6756x56741', '2024-12-15', 'Bronze'),
(25, 'Luis', 'Harrison', 'melvin70@gmail.com', '516.509.9493', '2021-08-19', 'Silver'),
(26, 'Annette', 'Greene', 'aaron68@hall.com', '(733)734-1847x1078', '2025-04-12', 'Bronze'),
(27, 'Melissa', 'Jacobson', 'becklarry@gmail.com', '562-245-7784x4729', '2023-04-28', 'Bronze'),
(28, 'Julie', 'Gardner', 'adamsrodney@hall.com', '+1-014-029-3206x188', '2024-03-31', 'Gold'),
(29, 'Margaret', 'Taylor', 'lfuller@hotmail.com', '(299)340-8900x297', '2021-09-06', 'Bronze'),
(30, 'Erika', 'Mckee', 'wsmith@gmail.com', '(160)040-7321', '2021-05-25', 'Silver'),
(31, 'Donna', 'Whitney', 'justinnicholson@gmail.com', '7086491657', '2022-08-07', 'Gold'),
(32, 'Kristina', 'Wade', 'ashley30@richards-young.com', '603-604-2831x303', '2024-03-16', 'Silver'),
(33, 'Joshua', 'Green', 'ihartman@yahoo.com', '988-232-8285x00933', '2024-05-14', 'Silver'),
(34, 'John', 'Leblanc', 'herickson@green.info', '229.016.2527x20209', '2022-12-24', 'Silver'),
(35, 'Nicholas', 'Campbell', 'ghernandez@hotmail.com', '(982)215-6626', '2022-06-06', 'Gold'),
(36, 'Christopher', 'Hicks', 'ryan48@gmail.com', '884.881.7758', '2021-04-03', 'Silver'),
(37, 'Craig', 'Miller', 'scampbell@johnson.net', '390-328-7286x021', '2024-04-30', 'Silver'),
(38, 'Jennifer', 'Bailey', 'dwright@hotmail.com', '001-992-011-9250', '2022-09-07', 'Silver'),
(39, 'Emma', 'Davis', 'lisalester@hotmail.com', '911.706.3025', '2021-06-04', 'Gold'),
(40, 'Michael', 'Wilson', 'lmerritt@wallace-wang.com', '462.021.3233', '2025-01-14', 'Bronze'),
(41, 'Sarah', 'Church', 'deniseramos@gmail.com', '(840)285-3653x61868', '2021-03-14', 'Silver'),
(42, 'Carolyn', 'Stevenson', 'george62@garrison.net', '040.179.1155', '2024-07-26', 'Silver'),
(43, 'Sarah', 'Cole', 'amandamartin@hotmail.com', '481-651-5206x4800', '2024-07-27', 'Silver'),
(44, 'Jeremiah', 'Lozano', 'bethany38@lopez.net', '846-327-7426', '2023-01-02', 'Bronze'),
(45, 'Leslie', 'Boyd', 'cartermorgan@scott-franco.com', '+1-583-786-3525', '2022-10-22', 'Silver'),
(46, 'Carrie', 'Anderson', 'stevenlivingston@yahoo.com', '+1-086-709-5530x6149', '2024-08-23', 'Gold'),
(47, 'Jared', 'Davis', 'mooretodd@cook.com', '001-069-544-8807x2397', '2022-08-29', 'Bronze'),
(48, 'James', 'Soto', 'patriciaburns@yahoo.com', '129.857.8193x421', '2023-01-27', 'Gold'),
(49, 'Cody', 'Kline', 'bradfordleslie@hotmail.com', '+1-710-706-3703x7998', '2022-06-28', 'Bronze'),
(50, 'Jennifer', 'Perkins', 'austinowens@hill.info', '762.009.1882', '2020-10-19', 'Silver');

insert into assignment.Products 
(product_id, product_name, category, price, supplier, stock_quantity) 
values
(1, 'Laptop', 'Electronics', 999.99, 'Dell', 50),
(2, 'Smartphone', 'Electronics', 799.99, 'Samsung', 150),
(3, 'Washing Machine', 'Appliances', 499.99, 'LG', 30),
(4, 'Headphones', 'Accessories', 199.99, 'Sony', 100),
(5, 'Refrigerator', 'Appliances', 1200.00, 'Whirlpool', 40),
(6, 'Smart TV', 'Electronics', 1500.00, 'Samsung', 20),
(7, 'Microwave', 'Appliances', 180.00, 'Panasonic', 75),
(8, 'Blender', 'Appliances', 50.00, 'Ninja', 200),
(9, 'Gaming Console', 'Electronics', 350.00, 'Sony', 60),
(10, 'Wireless Mouse', 'Accessories', 25.00, 'Logitech', 300),
(11, 'Keyboard', 'Accessories', 49.99, 'Logitech', 250),
(12, 'Monitor', 'Electronics', 250.00, 'Acer', 120),
(13, 'External Hard Drive', 'Electronics', 80.00, 'Seagate', 90),
(14, 'Tablet', 'Electronics', 400.00, 'Apple', 70),
(15, 'Smartwatch', 'Electronics', 199.99, 'Apple', 120);

insert into assignment.Sales 
(sale_id, customer_id, product_id, quantity_sold, sale_date, total_amount) 
values
(1, 1, 1, 1, '2023-07-15', 999.99),
(2, 2, 2, 2, '2023-08-20', 1599.98),
(3, 3, 3, 1, '2023-09-10', 499.99),
(4, 4, 4, 3, '2023-07-25', 599.97),
(5, 5, 5, 1, '2023-06-18', 1200.00),
(6, 6, 6, 1, '2023-10-05', 1500.00),
(7, 7, 7, 1, '2023-08-01', 180.00),
(8, 8, 8, 2, '2023-09-02', 100.00),
(9, 9, 9, 1, '2023-10-10', 350.00),
(10, 10, 10, 3, '2023-11-12', 75.00),
(11, 11, 11, 2, '2023-12-01', 100.00),
(12, 12, 12, 1, '2023-12-07', 250.00),
(13, 13, 13, 1, '2024-01-15', 80.00),
(14, 14, 14, 1, '2024-02-05', 400.00),
(15, 15, 15, 1, '2024-01-05', 199.99);

insert into assignment.inventory 
(product_id, stock_quantity) 
values
(1, 50),
(2, 150),
(3, 30),
(4, 100),
(5, 40),
(6, 20),
(7, 75),
(8, 200),
(9, 60),
(10, 300),
(11, 250),
(12, 120),
(13, 90),
(14, 70),
(15, 120);

select * from customers;
select * from products;
select * from sales;
select * from inventory;

-- 1. Write a query to select all data from the `Customers` table.
select * from  customers;

-- 2. Write a query to select the total number of products from the `Products` table.
select count(*) as total_products from products;


-- 3. Write a query to select the product name and its price from the `Products` table where the price is greater than 500.
select product_name, price from products where price > 500;

-- 4. Write a query to find the average price of all products from the `Products` table.
select count(*) as total_products FROM assignment.products;
show search_path;

set search_path to assignment;
select count(*) as total_products from  products;

-- 5. Write a query to find the total sales amount from the `Sales` table.
select SUM(total_amount) from sales;
select * from sales;

show search_path;

-- 6. Write a query to select distinct membership statuses from the `Customers` table.
select distinct membership_status  from customers;

-- 7. Write a query to concatenate first and last names of all customers and show the result as `full_name`.
select  concat(first_name, ' ',last_name) as full_name from customers;

-- 8. Write a query to find all products in the `Products` table where the category is 'Electronics'.
select product_name,category from products where category = 'Electronics';

-- 9. Write a query to find the highest price from the `Products` table.
select product_name, MAX(price) as highest_price from products group by product_name;

-- 10. Write a query to count the number of sales for each product from the `Sales` table.
select product_id, count(*) as total_sales from sales group by product_id;

-- 11. Write a query to find the total quantity sold for each product from the `Sales` table.
select product_id, SUM(quantity_sold) as total_quantity from sales group by product_id;

-- 12. Write a query to find the lowest price of products in the `Products` table.
select product_name, MIN(price) from products group by product_name;

-- 13. Write a query to find customers who have purchased products with a price greater than 1000.
select distinct c.customer_id, c.first_name, c.last_name,p.price 
from customers c join sales s on c.customer_id = s.customer_id 
join products p on s.product_id = p.product_id where p.price > 1000;

-- 14. Write a query to join the `Sales` and `Products` tables on product_id, and select the product name and total sales amount.
select product_name, total_amount from sales s join products p on s.product_id = p.product_id;

-- 15. Write a query to join the `Customers` and `Sales` tables and find the total amount spent by each customer.
select concat(first_name,' ',last_name), total_amount from customers c 
join sales s on c.customer_id = s.customer_id;

-- 16. Write a query to join the `Customers`, `Sales`, and `Products` tables, and show each customer's first and last name, product name, and quantity sold.
select c.first_name,c.last_name,p.product_name,p.stock_quantity
from customers c
inner join Sales s
on c.customer_id = s.customer_id
inner join products p
on s.product_id = p.product_id;

-- 17. Write a query to perform a self-join on the `Customers` table and find all pairs of customers who have the same membership status.
select c.first_name, c.last_name,m.membership_status
from customers c 
inner join customers m
on c.membership_status = m.membership_status
and c.customer_id < m.customer_id;

-- 18. Write a query to join the `Sales` and `Products` tables, and calculate the total number of sales for each product.
select p.product_name,
sum(p.stock_quantity) AS total_quantity_sold
from sales s
inner join products p
ON s.product_id = p.product_id
group by p.product_name;

-- 19. Write a query to find the products in the `Products` table where the stock quantity is less than 10.
select product_name, stock_quantity
from products p
where stock_quantity < 10;

-- 20. Write a query to join the `Sales` table and the `Products` table, and find products with sales greater than 5.
select product_name,quantity_sold
from sales s
join products p
on p.product_id = s.product_id
where quantity_sold > 5;

-- 21. Write a query to select customers who have purchased products that are either in the 'Electronics' or 'Appliances' category.
select first_name,last_name,category
from customers c
cross join products p
where category in ('Electronics','Appliances');

-- 22. Write a query to calculate the total sales amount per product and group the result by product name.
select p.product_name, 
sum(s.quantity_sold * p.price) as Total_Sales
from Products p
left join Sales s on p.product_id = s.product_id
group by p.product_name
order by product_name desc;

-- 23. Write a query to join the `Sales` table with the `Customers` table and select customers who made a purchase in the year 2023.
select product_id,first_name,last_name,sale_date
from customers c
join sales s
on c.customer_id = s.customer_id
where sale_date between '2023-01-01'and'2023-12-31';

-- 24. Write a query to find the customers with the highest total sales in 2023.
select first_name,last_name,
max(quantity_sold) as total_quantity
from sales s
join customers c
on s.customer_id = c.customer_id
where sale_date between '2023-01-01' and '2023-12-31'
group by first_name,last_name
limit 1;

-- 25. Write a query to join the `Products` and `Sales` tables and select the most expensive product sold.
select product_name,price
from products p
join sales s on p.product_id= s.product_id
where p.price = (select max(price) from products);

-- 26. Write a query to find the total number of customers who have purchased products worth more than 500.
select count(customer_id) as total_customers
from sales s
where total_amount > 500;

-- 27. Write a query to join the `Products`, `Sales`, and `Customers` tables and find the total number of sales made by customers who are in the 'Gold' membership tier.
select count(s.sale_id) as total_sales
from products p
join sales s
on p.product_id = s.product_id
join customers c
on s.customer_id = c.customer_id
where c.membership_status = 'Gold';

-- 28. Write a query to join the `Products` and `Inventory` tables and find all products that have low stock (less than 10).
select product_name,i.stock_quantity
from products p
join inventory i
on p.product_id = i.product_id
where i.stock_quantity < 10;

-- 29. Write a query to find customers who have purchased more than 5 products and show the total quantity of products they have bought.
select c.customer_id, c.first_name, c.last_name,
sum(s.quantity_sold) as total_quantity
from customers c
join sales s
on c.customer_id = s.customer_id
group by c.customer_id, c.first_name, c.last_name
having sum(s.quantity_sold) > 5;

-- 30. Write a query to find the average quantity sold per product.
select product_name,
avg(quantity_sold) as avg_quantity
from sales s
join products p
on s.product_id = p.product_id
group by product_name;

-- 31. Write a query to find the number of sales made in the month of December 2023.
select product_name, quantity_sold
from sales s
join products p
on p.product_id = s.product_id
where sale_date between '2023-12-01' and '2023-12-31';

-- 32. Write a query to find the total amount spent by each customer in 2023 and list the customers in descending order.
select first_name, sum(quantity_sold * total_amount)as total_amount
from customers c
join sales s
on s.customer_id = c.customer_id
where sale_date between '2023-01-01' and '2023-12-31'
group by first_name
order by first_name desc;

-- 33. Write a query to find all products that have been sold but have less than 5 units left in stock.
select p.product_name,s.product_id, p.stock_quantity
from products p
join sales s
on p.product_id = s.product_id
where p.stock_quantity < 5;

-- 34. Write a query to find the total sales for each product and order the result by the highest sales.
select p.product_id,product_name,
sum(quantity_sold) as total_sales
from sales s
join products p
on p.product_id = s.product_id
group by p.product_id,product_name
order by total_sales desc;

-- 35. Write a query to find all customers who bought products within 7 days of their registration date.
select c.customer_id,c.first_name,c.last_name
from customers c
join sales s
on c.customer_id = s.customer_id
where s.sale_date between c.registration_date 
and c.registration_date + interval '7 days';

-- 36. Write a query to join the `Sales` table with the `Products` table and filter the results by products priced between 100 and 500.
select p.product_id, product_name, price
from sales s
join products p
on p.product_id = s.product_id
where price between 100 and 500;

-- 37. Write a query to find the most frequent customer who made purchases from the `Sales` table.
select first_name,last_name,sum(quantity_sold) as total_purchases
from sales s
join customers c
on s.customer_id = c.customer_id
group by c.first_name,c.last_name
order by total_purchases desc
limit 1;

-- 38. Write a query to find the total quantity of products sold per customer.
select c.customer_id, c.first_name,c.last_name,sum(quantity_sold) as products_sold
from sales s
join customers c
on s.customer_id = c.customer_id
group by c.customer_id,c.first_name,c.last_name
order by products_sold desc;

-- 39. Write a query to find the products with the highest stock and lowest stock, and display them together in a single result set.
select product_id, product_name, stock_quantity
from products
where stock_quantity = (select max(stock_quantity) from products)
union
select product_id, product_name, stock_quantity
from products
where stock_quantity = (select min(stock_quantity) from products);

-- 40. Write a query to find products whose names contain the word 'Phone' and their total sales.
select product_name,total_amount,
sum(total_amount * quantity_sold) as total_sales
from products p
join sales s
on p.product_id = s.product_id
where product_name like '%Phone%'
group by product_name,total_amount;

-- 40. Write a query to find products whose names contain the word 'Phone' and their total sales.
select product_name,total_amount,
sum(total_amount * quantity_sold) as total_sales
from products p
join sales s
on p.product_id = s.product_id
where product_name like '%Phone%'
group by product_name,total_amount;

-- 41. Write a query to perform an `INNER JOIN` between `Customers` and `Sales`, then display the total sales amount and the product names for customers in the 'Gold' membership status.
select c.first_name, c.last_name, p.product_name, c.membership_status,
sum(s.quantity_sold * s.total_amount) as total_sales
from customers c
inner join sales s
on c.customer_id = s.customer_id
join products p
on s.product_id = p.product_id
where c.membership_status like '%Gold%'
group by c.first_name, c.last_name, p.product_name,membership_status;

-- 42. Write a query to find the total sales of products by category.
select p.category,
sum(total_amount)as total_sales
from products p
join sales s
on p.product_id = s.product_id
group by p.category;

-- 43. Write a query to join the `Products` table with the `Sales` table, and calculate the total sales for each product, grouped by month and year.
select p.product_id,p.product_name,
extract(year from s.sale_date) as year,
extract(month from s.sale_date) as month,
sum(s.quantity_sold * s.total_amount) as total_sales
from products p
join sales s
on p.product_id = s.product_id
group by p.product_id, p.product_name, 
extract (year from s.sale_date),
extract (month from s.sale_date)
order by year, month, p.product_name;

-- 44. Write a query to join the `Sales` and `Inventory` tables and find products that have been sold but still have stock remaining.
select i.product_id,stock_quantity,
sum(s.quantity_sold)as total_sold
from inventory i
join sales s
on i.product_id = s.product_id
group by i.product_id, i.stock_quantity
having i.stock_quantity > 0;

-- 45. Write a query to find the top 5 customers who have made the highest purchases.
select first_name,last_name,sum(total_amount) as total_purchases
from customers c
join sales s
on s.customer_id = c.customer_id
group by c.first_name,c.last_name
order by total_purchases desc
limit 5;

-- 46. Write a query to calculate the total number of unique products sold in 2023.
select
count(distinct product_id) as unique_products
from sales
where sale_date between '2023-01-01' and '2023-12-31';

-- 47. Write a query to find the products that have not been sold in the last 6 months.
selectT p.product_id,p.product_name
from products p
where not exists (
select 1
from sales s
where s.product_id = p.product_id
and s.sale_date >= current_date - interval '6 months');

-- 48. Write a query to select the products with a price range between $200 and $800, and find the total quantity sold for each.
select p.product_id,p.product_name,
sum(s.quantity_sold) as total_qty_sold
from products p
join sales s 
on p.product_id = s.product_id
where p.price between 200 and 800
group by p.product_id, p.product_name;

-- 49. Write a query to find the customers who spent the most money in the year 2023.
select c.customer_id, c.first_name, c.last_name,
sum(s.quantity_sold * s.total_amount) as total_spent
from customers c
join sales s
on c.customer_id = s.customer_id
where s.sale_date between '2023-01-01' and '2023-12-31'
group by c.customer_id, c.first_name, c.last_name
having sum(s.quantity_sold * s.total_amount) = (select max(total_spent)
from(select sum(quantity_sold * total_amount) as total_spent
from sales
where sale_date between '2023-01-01' and '2023-12-31'
group by customer_id) as max_sales);

-- 50. Write a query to select the products that have been sold more than 100 times and have a price greater than 200.
select p.product_id, p.product_name, p.price,
sum(s.quantity_sold) as total_quantity_sold
from products p
join sales s
on p.product_id = s.product_id
where p.price > 200
group by p.product_id, p.product_name, p.price
having sum(s.quantity_sold) > 100;

show search_path;
set search_path to assignment;
show search_path;

select * from customers;
select * from products;
select * from sales;
select * from inventory;

-- 51. Which customers have spent more than the average spending of all customers?
select customer_id, sum(total_amount) as total_spent
from sales
group by customer_id
having sum(total_amount) > (select avg(total_amount)
from (select sum(total_amount) as total_amount
from sales
group by customer_id));


-- 52 Which products are priced higher than the average price of all products?
select product_id, product_name, price 
from products
where price > (select avg(price)
from products);

-- 53 Which products are priced higher than the average price of all products?
select customer_id, first_name, last_name
from customers
where customer_id not in (select customer_id
from sales);

-- 54. Which products have never been sold?
select product_id, product_name
from products
where product_id not in (select product_id from sales); 


-- 55. Which customer made the single most expensive purchase?
select customer_id, first_name,last_name
from  customers 
where customer_id = (select customer_id from sales 
order by total_amount desc 
limit 1);

-- 56. Which products have total sales greater than the average total sales across all products?
select product_id, sum(total_amount) as total_sales
from sales
group by product_id
having sum(total_amount) > (select avg(total_sales)
from (select sum(total_amount) as total_sales
from sales
group by product_id));

-- 57. Which customers registered earlier than the average registration date?
select customer_id, first_name, last_name, registration_date
from customers
where registration_date < (select to_timestamp(avg(extract(epoch from registration_date)))
from customers);

-- 58. Which products have a price higher than the average price within their own category?
select product_name, category, price
from products as p1
where price > (select avg(price)
from products as p2 
where p1.category = p2.category);

-- 59. Which customers have spent more than the customer with ID = 10?
select customer_id, sum(total_amount) as total_spent
from sales
group by customer_id
having sum(total_amount) > (select sum(total_amount)
from sales
where customer_id = 10);

-- 60. Which products have total quantity sold greater than the overall average quantity sold?
select product_id, sum(quantity_sold) as ttl_qty_sold
from sales
group by product_id
having sum(quantity_sold) > (select avg(total_quantity)
from  (select sum(quantity_sold) as total_quantity
from sales
group by product_id));


-- 61. Create an intermediate result that calculates the total amount spent by each customer,
--     then determine which customers are the top 5 highest spenders.
with customer_totals as (select customer_id, sum(total_amount) as amount_spent
from sales s
group by customer_id
)
select customer_id, amount_spent
from customer_totals
order by amount_spent desc
limit 5;

-- 62. Create an intermediate result that calculates total quantity sold per product,
--     then determine which products are the top 3 most sold.
with product_totals as (select product_id, sum(quantity_sold) as total_quantity
from sales s
group by product_id
)
select product_id, total_quantity
from product_totals
order by total_quantity desc
limit 3;

-- 63. Create an intermediate result showing total sales per product category,
--     then determine which category generates the highest revenue.
WITH category_sales as (select p.category, sum(s.total_amount) as total_sales
from sales s
join products p
on s.product_id = p.product_id
group by p.category
)
select category, total_sales
from category_sales
order by total_sales desc
limit 1;

-- 64. Create an intermediate result that calculates the number of purchases per customer,
--     then identify customers who purchased more than twice.
with purchases as (select customer_id, count(*) as purchases
from customers c
group by customer_id
)
select customer_id,quantity_sold
from sales s
where quantity_sold > 2;

-- 65. Create an intermediate result that calculates the total quantity sold per product,
--     then determine which products sold more than the average quantity sold.
with total_products as (select product_id, sum(quantity_sold) as total_quantity
from sales s
group by product_id
)
select product_id, total_quantity
from total_products
where total_quantity > (select avg(total_quantity)
from total_products);

-- 66. Create an intermediate result that calculates total spending per customer,
--     then determine which customers spent more than the average spending.
with customer_totals as (select customer_id, sum(total_amount) as total_spending
from sales s
group by customer_id
)
select customer_id, total_spending
from customer_totals
where total_spending > (select avg(total_spending)
from customer_totals);

-- 67. Create an intermediate result that calculates total revenue per product,
--     then list the products ordered from highest revenue to lowest.
with products_revenue as (select product_id, sum(total_amount) as total_revenue
from sales s
group by product_id
)
select product_id, total_revenue
from products_revenue
order by total_revenue desc;

-- 68. Create an intermediate result showing monthly sales totals,
--     then determine which month had the highest revenue.
with monthly_sales as (select date_trunc('month', sale_date) as month,
sum(total_amount) as total_revenue
from sales s
group by date_trunc('month', sale_date)
)
select month, total_revenue
from monthly_sales
order by total_revenue desc
limit 1;

-- 69. Create an intermediate result that calculates the number of sales per product,
--     then determine which products were purchased by more than three customers.
with product_sales as (select product_id, count(customer_id) as sales_count
from sales s
group by product_id
)
select product_id, sales_count
from product_sales
where sales_count > 3;

-- 70. Create an intermediate result showing total quantity sold per product,
--     then identify products that sold less than the average quantity sold.
with product_totals as (select product_id, sum(quantity_sold) as total_quantity
from sales s
group by product_id
)
select product_id, total_quantity
from product_totals
where total_quantity < (select avg(total_quantity)
from product_totals);

-- 71. Rank customers based on the total amount they have spent.
select customer_id,sum(total_amount) as total_spent,
dense_rank() over (order by sum(total_amount) desc)
from sales s
group by customer_id;

-- 72. Rank products based on total quantity sold.
select product_id,sum(quantity_sold) as total_sold,
dense_rank() over (order by sum(quantity_sold) desc)
from sales s
group by product_id;

-- 72. Rank products based on total quantity sold.
select product_id,sum(quantity_sold) as total_sold,
dense_rank() over (order by sum(quantity_sold) desc)
from sales s
group by product_id;

-- 74. Identify the 2nd most expensive product.
select product_id, most_expensive
from (select product_id,sum(price) as most_expensive,
row_number() over (order by sum(price) desc) as rank
from products p
group by product_id) 
where rank = 2;

-- 75. Show the ranking of products within each category based on price.
select category,product_id,price,
row_number() over (partition by category order by price desc) as price_rank
from products p;

-- 76. Show the ranking of customers based on the number of purchases they made.
select customer_id, quantity_sold,
rank() over (order by quantity_sold desc)
from (select customer_id, quantity_sold, count(*)
from sales s
group by customer_id,quantity_sold);

-- 77. Show the running total of sales amounts ordered by sale_date.
select sale_date,total_amount,
sum(total_amount) over(order by sale_date) as running_total
from sales s
order by sale_date;

-- 78. Show the previous sale amount for each sale ordered by sale_date.
select sale_date,total_amount,
lag(total_amount) over(order by sale_date) as previous_amount
from sales s
order by sale_date;

-- 79. Show the next sale amount for each sale ordered by sale_date.
select sale_date,total_amount,
lead(total_amount) over(order by sale_date) as next_amount
from sales s
order by sale_date;

-- 80. Divide customers into 4 groups based on total spending.
select customer_id, total_amount,
ntile(4) over(order by total_amount desc) as spending_categories
from (select customer_id,sum(total_amount)as total_amount
from sales s
group by customer_id);

-- 81. Which customers bought products in more than one category?
select customer_id
from sales s
join products p 
on s.product_id = p.product_id
group by customer_id
having count(distinct p.category) > 1;

-- 82. Which customers purchased products within 7 days of registering?
select distinct c.customer_id, c.first_name, c.last_name
from customers c
join sales s 
on c.customer_id = s.customer_id
where s.sale_date <= c.registration_date + interval '7 days';

-- 83. Which products have lower stock remaining than the average stock quantity?
select product_name, stock_quantity
from products
where stock_quantity < (select avg(stock_quantity) 
from products);

-- 84. Which customers purchased the same product more than once?
select customer_id, product_id, count(*) as purchase_count
from sales
group by customer_id, product_id
having count(*) > 1;

-- 85. Which product categories generated the highest total revenue?
select p.category,sum(s.total_amount) as total_revenue
from sales s
join products p 
on s.product_id = p.product_id
group by p.category
order by total_revenue desc;

-- 86. Which products are among the top 3 most sold products?
select p.product_id,p.product_name,
count(s.sale_id) as total_sales
from sales s
join products p 
on s.product_id = p.product_id
group by p.product_id, p.product_name
order by total_sales desc
limit 3;

-- 87. Which customers purchased the most expensive product?
select distinct c.customer_id, c.first_name, p.product_name, p.price
from customers c
join sales s 
on c.customer_id = s.customer_id
join products p 
on s.product_id = p.product_id
where p.price = (select max(price) 
from products);

-- 88. Which products were purchased by the highest number of unique customers?
with customer_count as (select s.product_id,p.product_name,
count(distinct s.customer_id) as unique_customers
from sales s
join products p 
on s.product_id = p.product_id
group by s.product_id, p.product_name
)
select product_id, product_name, unique_customers
from customer_count
where unique_customers = (select max(unique_customers)
from customer_count);

-- 89. Which customers made purchases above the average sale amount?
select distinct c.customer_id, c.first_name,c.last_name
from customers c
join sales s 
on c.customer_id = s.customer_id
where s.total_amount > (select avg(total_amount) 
from sales);

-- 90. Which customers purchased more products than the average quantity purchased per customer?
select customer_id, first_name, total_products
from (select c.customer_id,c.first_name,count(s.product_id) as total_products,
avg(count(s.product_id)) over () as avg_products
from customers c
join sales s 
on c.customer_id = s.customer_id
group by c.customer_id, c.first_name)
where total_products > avg_products;

-- 91. Which customers rank in the top 10% of spending?
select customer_id, total_spent
from (select customer_id,sum(total_amount) as total_spent,
ntile(10) over (order by sum(total_amount) desc) as spending_rank
from sales
group by customer_id)
where spending_rank = 1;

-- 92. Which products contribute to the top 50% of total revenue?
select product_id, revenue
from (select product_id,sum(quantity_sold * total_amount) as revenue,
cume_dist() over (order by sum(quantity_sold * total_amount) desc) as revenue_rank
from sales
group by product_id)
where revenue_rank <= 0.5;

-- 93. Which customers made purchases in consecutive months?
select customer_id
from (select customer_id,date_trunc('month', sale_date) as sale_month,
lag(date_trunc('month', sale_date)) 
over (partition by customer_id order by date_trunc('month', sale_date)) as prev_month
from sales)
where sale_month = prev_month + interval '1 month';

-- 94. Which products experienced the largest difference between stock quantity and total quantity sold?
select p.product_id,p.product_name,i.stock_quantity,
sum(s.quantity_sold) as total_sold,
abs(i.stock_quantity - sum(s.quantity_sold)) as quantity_diff
from products p
join sales s on p.product_id = s.product_id
join inventory i on p.product_id = i.product_id
group by p.product_id, p.product_name, i.stock_quantity
order by quantity_diff desc;

-- 95. Which customers have spending above the average spending of their membership tier?
select customer_id, membership_status, total_spent
from (select c.customer_id,c.membership_status,
sum(s.quantity_sold * s.total_amount) as total_spent,
avg(sum(s.quantity_sold * s.total_amount)) over (partition by c.membership_status) as avg_spending
from customers c
join sales s 
on c.customer_id = s.customer_id
group by c.customer_id, c.membership_status)
where total_spent > avg_spending;

-- 96. Which products have higher sales than the average sales within their category?
select product_id, category, total_sales
from (select p.product_id,p.category,sum(s.quantity_sold * p.price) as total_sales,
avg(sum(s.quantity_sold * p.price)) over(partition by p.category) as avg_sales
from products p
join sales s 
on p.product_id = s.product_id
group by p.product_id, p.category)
where total_sales > avg_sales;

-- 97. Which customer made the largest single purchase relative to their total spending?
select customer_id, max(quantity_sold * total_amount) / sum(quantity_sold * total_amount) as purchase_ratio
from sales
group by customer_id
order by purchase_ratio desc
limit 1;

-- 98. Which products rank among the top 3 most sold products within each category?
select product_id,product_name,category, total_sold
from (select p.product_id,p.product_name,p.category,sum(s.quantity_sold) as total_sold,
row_number() over (partition by p.category order by sum(s.quantity_sold) desc) as rank
from products p
join sales s
on p.product_id = s.product_id
group by p.product_id, p.category)
where rank <= 3;

-- 99. Which customers are tied for the highest total spending?
with customer_totals as (select customer_id, sum(quantity_sold * total_amount) as total_spent
from sales
group by customer_id
)
select customer_id, total_spent
from customer_totals
where total_spent = (
select max(total_spent) from customer_totals);

-- 100. Which products generated sales every year present in the dataset?
select product_id
from sales
group by product_id
having count(distinct extract(year from sale_date)) =
(select count(distinct extract(year from sale_date)) from sales);







